Position,Waitlist ID,SR #,Instructions,data_as_of,data_loaded_at
1,07281969RM,101001101331,,2025/02/23 09:25:00 AM,2025/02/23 09:48:07 AM
2,03111984RG,101001307523,,2025/02/23 09:25:00 AM,2025/02/23 09:48:07 AM
3,02151962MW,101001327515,,2025/02/23 09:25:00 AM,2025/02/23 09:48:07 AM
4,01161976CC,101001345397,"Please call 628-652-8000 option 4 between 10AM and 12PM on business days (Monday – Friday, excluding holidays).",2025/02/23 09:25:00 AM,2025/02/23 09:48:07 AM
5,07071976LA,101001356000,"Please call 628-652-8000 option 4 between 10AM and 12PM on business days (Monday – Friday, excluding holidays).",2025/02/23 09:25:00 AM,2025/02/23 09:48:07 AM
6,02251987GP,101001360246,"Please call 628-652-8000 option 4 between 10AM and 12PM on business days (Monday – Friday, excluding holidays).",2025/02/23 09:25:00 AM,2025/02/23 09:48:07 AM
7,04161987KG,101001357377,,2025/02/23 09:25:00 AM,2025/02/23 09:48:07 AM
8,04071992RA,101001354985,,2025/02/23 09:25:00 AM,2025/02/23 09:48:07 AM
9,12121986SG,101001358417,,2025/02/23 09:25:00 AM,2025/02/23 09:48:07 AM
10,10161962PF,101001357406,,2025/02/23 09:25:00 AM,2025/02/23 09:48:07 AM
11,03311997AW,101001363213,,2025/02/23 09:25:00 AM,2025/02/23 09:48:07 AM
12,11251987MM,101001365362,,2025/02/23 09:25:00 AM,2025/02/23 09:48:07 AM
13,01301993MS,101001364236,,2025/02/23 09:25:00 AM,2025/02/23 09:48:07 AM
14,03161989ES,101001363358,,2025/02/23 09:25:00 AM,2025/02/23 09:48:07 AM
15,05301984TD,101001368604,,2025/02/23 09:25:00 AM,2025/02/23 09:48:07 AM
16,082908291999EW,101001370424,,2025/02/23 09:25:00 AM,2025/02/23 09:48:07 AM
17,022080CD,101001367360,,2025/02/23 09:25:00 AM,2025/02/23 09:48:07 AM
18,08291952SW,101001367132,,2025/02/23 09:25:00 AM,2025/02/23 09:48:07 AM
19,03081997KS,101001368959,,2025/02/23 09:25:00 AM,2025/02/23 09:48:07 AM
20,12161956RG,101001367989,,2025/02/23 09:25:00 AM,2025/02/23 09:48:07 AM
21,08191995SS,101001372451,,2025/02/23 09:25:00 AM,2025/02/23 09:48:07 AM
22,09231996AH,101001379562,,2025/02/23 09:25:00 AM,2025/02/23 09:48:07 AM
23,12101978GG,101001375228,,2025/02/23 09:25:00 AM,2025/02/23 09:48:07 AM
24,04071976LD,101001378421,,2025/02/23 09:25:00 AM,2025/02/23 09:48:07 AM
25,07221985GG,101001377819,,2025/02/23 09:25:00 AM,2025/02/23 09:48:07 AM
26,11151965MV,101001383517,,2025/02/23 09:25:00 AM,2025/02/23 09:48:07 AM
27,08061994PT,101001382709,,2025/02/23 09:25:00 AM,2025/02/23 09:48:07 AM
28,11051982FT,101001385183,,2025/02/23 09:25:00 AM,2025/02/23 09:48:07 AM
29,01131960BL,101001384673,,2025/02/23 09:25:00 AM,2025/02/23 09:48:07 AM
30,02081977CB,101001389796,,2025/02/23 09:25:00 AM,2025/02/23 09:48:07 AM
31,08011989ED,101001389950,,2025/02/23 09:25:00 AM,2025/02/23 09:48:07 AM
32,06111991IM,101001394573,,2025/02/23 09:25:00 AM,2025/02/23 09:48:07 AM
33,05231979SW,101001395374,,2025/02/23 09:25:00 AM,2025/02/23 09:48:07 AM
34,02231999SM,101001394105,,2025/02/23 09:25:00 AM,2025/02/23 09:48:07 AM
35,03081956AK,101001398198,"Please call 628-652-8000 option 4 between 10AM and 12PM on business days (Monday – Friday, excluding holidays).",2025/02/23 09:25:00 AM,2025/02/23 09:48:07 AM
36,12131964RR,101001400088,,2025/02/23 09:25:00 AM,2025/02/23 09:48:07 AM
37,04151995SE,101001399185,"Please call 628-652-8000 option 4 between 10AM and 12PM on business days (Monday – Friday, excluding holidays).",2025/02/23 09:25:00 AM,2025/02/23 09:48:07 AM
38,05021989EJ,101001401787,,2025/02/23 09:25:00 AM,2025/02/23 09:48:07 AM
39,05191975KD,101001399513,,2025/02/23 09:25:00 AM,2025/02/23 09:48:07 AM
40,02121976AT,101001397749,,2025/02/23 09:25:00 AM,2025/02/23 09:48:07 AM
41,06171992HI,101001401732,"Please call 628-652-8000 option 4 between 10AM and 12PM on business days (Monday – Friday, excluding holidays).",2025/02/23 09:25:00 AM,2025/02/23 09:48:07 AM
42,04131970KH,101001397973,"Please call 628-652-8000 option 4 between 10AM and 12PM on business days (Monday – Friday, excluding holidays).",2025/02/23 09:25:00 AM,2025/02/23 09:48:07 AM
43,05141959TR,101001398640,"Please call 628-652-8000 option 4 between 10AM and 12PM on business days (Monday – Friday, excluding holidays).",2025/02/23 09:25:00 AM,2025/02/23 09:48:07 AM
44,07091993KS,101001400255,,2025/02/23 09:25:00 AM,2025/02/23 09:48:07 AM
45,11272025EC,101001403071,,2025/02/23 09:25:00 AM,2025/02/23 09:48:07 AM
46,08161983JK,101001401862,,2025/02/23 09:25:00 AM,2025/02/23 09:48:07 AM
47,02131979JC,101001403388,"Please call 628-652-8000 option 4 between 10AM and 12PM on business days (Monday – Friday, excluding holidays).",2025/02/23 09:25:00 AM,2025/02/23 09:48:07 AM
48,01011993MM,101001403382,,2025/02/23 09:25:00 AM,2025/02/23 09:48:07 AM
49,05181995MW,101001405035,"Please call 628-652-8000 option 4 between 10AM and 12PM on business days (Monday – Friday, excluding holidays).",2025/02/23 09:25:00 AM,2025/02/23 09:48:07 AM
50,12281998TS,101001402823,"Please call 628-652-8000 option 4 between 10AM and 12PM on business days (Monday – Friday, excluding holidays).",2025/02/23 09:25:00 AM,2025/02/23 09:48:07 AM
51,10311996BH,101001404300,"Please call 628-652-8000 option 4 between 10AM and 12PM on business days (Monday – Friday, excluding holidays).",2025/02/23 09:25:00 AM,2025/02/23 09:48:07 AM
52,05012004MV,101001404450,,2025/02/23 09:25:00 AM,2025/02/23 09:48:07 AM
53,01311981KR,101001401947,"Please call 628-652-8000 option 4 between 10AM and 12PM on business days (Monday – Friday, excluding holidays).",2025/02/23 09:25:00 AM,2025/02/23 09:48:07 AM
54,04161957JL,101001402818,"Please call 628-652-8000 option 4 between 10AM and 12PM on business days (Monday – Friday, excluding holidays).",2025/02/23 09:25:00 AM,2025/02/23 09:48:07 AM
55,09291984DC,101001405049,,2025/02/23 09:25:00 AM,2025/02/23 09:48:07 AM
56,08121990DM,101001405198,"Please call 628-652-8000 option 4 between 10AM and 12PM on business days (Monday – Friday, excluding holidays).",2025/02/23 09:25:00 AM,2025/02/23 09:48:07 AM
57,09111989AC,101001402400,"Please call 628-652-8000 option 4 between 10AM and 12PM on business days (Monday – Friday, excluding holidays).",2025/02/23 09:25:00 AM,2025/02/23 09:48:07 AM
58,07131967SW,101001402956,"Please call 628-652-8000 option 4 between 10AM and 12PM on business days (Monday – Friday, excluding holidays).",2025/02/23 09:25:00 AM,2025/02/23 09:48:07 AM
59,03161980CC,101001403225,,2025/02/23 09:25:00 AM,2025/02/23 09:48:07 AM
60,11131986MO,101001407383,,2025/02/23 09:25:00 AM,2025/02/23 09:48:07 AM
61,10072003RM,101001407932,,2025/02/23 09:25:00 AM,2025/02/23 09:48:07 AM
62,07291968RB,101001407947,,2025/02/23 09:25:00 AM,2025/02/23 09:48:07 AM
63,10231980JS,101001407881,"Please call 628-652-8000 option 4 between 10AM and 12PM on business days (Monday – Friday, excluding holidays).",2025/02/23 09:25:00 AM,2025/02/23 09:48:07 AM
64,09091954BS,101001407442,,2025/02/23 09:25:00 AM,2025/02/23 09:48:07 AM
65,09091978RO,101001407531,"Please call 628-652-8000 option 4 between 10AM and 12PM on business days (Monday – Friday, excluding holidays).",2025/02/23 09:25:00 AM,2025/02/23 09:48:07 AM
66,10251992SB,101001407216,"Please call 628-652-8000 option 4 between 10AM and 12PM on business days (Monday – Friday, excluding holidays).",2025/02/23 09:25:00 AM,2025/02/23 09:48:07 AM
67,06021984AG,101001407997,"Please call 628-652-8000 option 4 between 10AM and 12PM on business days (Monday – Friday, excluding holidays).",2025/02/23 09:25:00 AM,2025/02/23 09:48:07 AM
68,04062003MM,101001406680,,2025/02/23 09:25:00 AM,2025/02/23 09:48:07 AM
69,12121982OS,101001409979,"Please call 628-652-8000 option 4 between 10AM and 12PM on business days (Monday – Friday, excluding holidays).",2025/02/23 09:25:00 AM,2025/02/23 09:48:07 AM
70,08091990BC,101001409702,,2025/02/23 09:25:00 AM,2025/02/23 09:48:07 AM
71,06011985MC,101001412923,,2025/02/23 09:25:00 AM,2025/02/23 09:48:07 AM
72,11181969LM,101001412868,"Please call 628-652-8000 option 4 between 10AM and 12PM on business days (Monday – Friday, excluding holidays).",2025/02/23 09:25:00 AM,2025/02/23 09:48:07 AM
73,01261976SP,101001414496,,2025/02/23 09:25:00 AM,2025/02/23 09:48:07 AM
74,08161974JB,101001410411,,2025/02/23 09:25:00 AM,2025/02/23 09:48:07 AM
75,03271984JA,101001410514,,2025/02/23 09:25:00 AM,2025/02/23 09:48:07 AM
76,06021992SD,101001412173,,2025/02/23 09:25:00 AM,2025/02/23 09:48:07 AM
77,042119987LM,101001408689,,2025/02/23 09:25:00 AM,2025/02/23 09:48:07 AM
78,02231994AW,101001413261,,2025/02/23 09:25:00 AM,2025/02/23 09:48:07 AM
79,08241993GA,101001412741,,2025/02/23 09:25:00 AM,2025/02/23 09:48:07 AM
80,03071988JR,101001410058,,2025/02/23 09:25:00 AM,2025/02/23 09:48:07 AM
81,02241983BW,101001411398,,2025/02/23 09:25:00 AM,2025/02/23 09:48:07 AM
82,05181995EC,101001412366,,2025/02/23 09:25:00 AM,2025/02/23 09:48:07 AM
83,01171987DM,101001413639,,2025/02/23 09:25:00 AM,2025/02/23 09:48:07 AM
84,08251976XR,101001410394,,2025/02/23 09:25:00 AM,2025/02/23 09:48:07 AM
85,02051988CM,101001412204,,2025/02/23 09:25:00 AM,2025/02/23 09:48:07 AM
86,03171978RS,101001409065,,2025/02/23 09:25:00 AM,2025/02/23 09:48:07 AM
87,11061970MB,101001410000,,2025/02/23 09:25:00 AM,2025/02/23 09:48:07 AM
88,09041990KE,101001412277,,2025/02/23 09:25:00 AM,2025/02/23 09:48:07 AM
89,02191987CL,101001409611,,2025/02/23 09:25:00 AM,2025/02/23 09:48:07 AM
90,03241988AF,101001410176,,2025/02/23 09:25:00 AM,2025/02/23 09:48:07 AM
91,05281971SM,101001413664,,2025/02/23 09:25:00 AM,2025/02/23 09:48:07 AM
92,02101965RD,101001413445,,2025/02/23 09:25:00 AM,2025/02/23 09:48:07 AM
93,09041999TE,101001413437,,2025/02/23 09:25:00 AM,2025/02/23 09:48:07 AM
94,12031995KU,101001418210,,2025/02/23 09:25:00 AM,2025/02/23 09:48:07 AM
95,05051987ON,101001418856,,2025/02/23 09:25:00 AM,2025/02/23 09:48:07 AM
96,06081980SG,101001416000,,2025/02/23 09:25:00 AM,2025/02/23 09:48:07 AM
97,12201975WM,101001416257,,2025/02/23 09:25:00 AM,2025/02/23 09:48:07 AM
98,08211966JW,101001418954,,2025/02/23 09:25:00 AM,2025/02/23 09:48:07 AM
99,06091959NR,101001418237,,2025/02/23 09:25:00 AM,2025/02/23 09:48:07 AM
100,06241969SA,101001417614,,2025/02/23 09:25:00 AM,2025/02/23 09:48:07 AM
101,06151988MC,101001418343,,2025/02/23 09:25:00 AM,2025/02/23 09:48:07 AM
102,05091987SG,101001416299,,2025/02/23 09:25:00 AM,2025/02/23 09:48:07 AM
103,09261974ST,101001416740,,2025/02/23 09:25:00 AM,2025/02/23 09:48:07 AM
104,06062001YW,101001416132,,2025/02/23 09:25:00 AM,2025/02/23 09:48:07 AM
105,09141993XL,101001418571,,2025/02/23 09:25:00 AM,2025/02/23 09:48:07 AM
106,11121985CC,101001418513,,2025/02/23 09:25:00 AM,2025/02/23 09:48:07 AM
107,03181990SC,101001417524,,2025/02/23 09:25:00 AM,2025/02/23 09:48:07 AM
108,023012234567MA,101001419057,,2025/02/23 09:25:00 AM,2025/02/23 09:48:07 AM
109,08261976AG,101001414714,,2025/02/23 09:25:00 AM,2025/02/23 09:48:07 AM
110,08282001DF,101001415549,,2025/02/23 09:25:00 AM,2025/02/23 09:48:07 AM
111,03141964RD,101001416020,,2025/02/23 09:25:00 AM,2025/02/23 09:48:07 AM
112,06261987FZ,101001419360,,2025/02/23 09:25:00 AM,2025/02/23 09:48:07 AM
113,021802181994AL,101001419752,,2025/02/23 09:25:00 AM,2025/02/23 09:48:07 AM
114,08071964RS,101001415889,,2025/02/23 09:25:00 AM,2025/02/23 09:48:07 AM
115,01241999LT,101001417499,,2025/02/23 09:25:00 AM,2025/02/23 09:48:07 AM
116,09071984TD,101001423661,,2025/02/23 09:25:00 AM,2025/02/23 09:48:07 AM
117,11011987FN,101001424328,,2025/02/23 09:25:00 AM,2025/02/23 09:48:07 AM
118,08191995DH,101001422992,,2025/02/23 09:25:00 AM,2025/02/23 09:48:07 AM
119,09211959DD,101001424113,,2025/02/23 09:25:00 AM,2025/02/23 09:48:07 AM
120,10301982RH,101001422820,,2025/02/23 09:25:00 AM,2025/02/23 09:48:07 AM
121,09122001MS,101001422487,,2025/02/23 09:25:00 AM,2025/02/23 09:48:07 AM
122,12131964SH,101001423402,,2025/02/23 09:25:00 AM,2025/02/23 09:48:07 AM
123,03101988BS,101001424587,,2025/02/23 09:25:00 AM,2025/02/23 09:48:07 AM
124,07031994AL,101001423262,,2025/02/23 09:25:00 AM,2025/02/23 09:48:07 AM
125,07091998AS,101001423276,,2025/02/23 09:25:00 AM,2025/02/23 09:48:07 AM
126,01311995DM,101001423933,,2025/02/23 09:25:00 AM,2025/02/23 09:48:07 AM
127,09251987MH,101001421034,,2025/02/23 09:25:00 AM,2025/02/23 09:48:07 AM
128,11031993MV,101001422320,,2025/02/23 09:25:00 AM,2025/02/23 09:48:07 AM
129,01191978OT,101001423243,,2025/02/23 09:25:00 AM,2025/02/23 09:48:07 AM
130,10191971NV,101001421699,,2025/02/23 09:25:00 AM,2025/02/23 09:48:07 AM
131,01112005YP,101001423917,,2025/02/23 09:25:00 AM,2025/02/23 09:48:07 AM
132,03131969SS,101001422425,,2025/02/23 09:25:00 AM,2025/02/23 09:48:07 AM
133,11221995EG,101001421671,,2025/02/23 09:25:00 AM,2025/02/23 09:48:07 AM
134,11101956JM,101001422641,,2025/02/23 09:25:00 AM,2025/02/23 09:48:07 AM
135,08061970JS,101001422151,,2025/02/23 09:25:00 AM,2025/02/23 09:48:07 AM
136,10191962TB,101001423462,,2025/02/23 09:25:00 AM,2025/02/23 09:48:07 AM
137,02231981JG,101001424124,,2025/02/23 09:25:00 AM,2025/02/23 09:48:07 AM
138,11171962DL,101001424432,,2025/02/23 09:25:00 AM,2025/02/23 09:48:07 AM
139,11281955DD,101001421217,,2025/02/23 09:25:00 AM,2025/02/23 09:48:07 AM
140,07201988OB,101001428836,,2025/02/23 09:25:00 AM,2025/02/23 09:48:07 AM
141,08301976HW,101001427982,,2025/02/23 09:25:00 AM,2025/02/23 09:48:07 AM
142,03231993CB,101001427010,,2025/02/23 09:25:00 AM,2025/02/23 09:48:07 AM
143,11201966MD,101001428432,,2025/02/23 09:25:00 AM,2025/02/23 09:48:07 AM
144,09091973CC,101001429986,,2025/02/23 09:25:00 AM,2025/02/23 09:48:07 AM
145,10081957MM,101001427009,,2025/02/23 09:25:00 AM,2025/02/23 09:48:07 AM
146,04121984GM,101001427804,,2025/02/23 09:25:00 AM,2025/02/23 09:48:07 AM
147,07171977BF,101001429375,,2025/02/23 09:25:00 AM,2025/02/23 09:48:07 AM
148,05281993KD,101001428847,,2025/02/23 09:25:00 AM,2025/02/23 09:48:07 AM
149,03081988BT,101001427429,,2025/02/23 09:25:00 AM,2025/02/23 09:48:07 AM
150,01251964CW,101001426946,,2025/02/23 09:25:00 AM,2025/02/23 09:48:07 AM
151,07251982BS,101001425978,,2025/02/23 09:25:00 AM,2025/02/23 09:48:07 AM
152,12121964SH,101001428201,,2025/02/23 09:25:00 AM,2025/02/23 09:48:07 AM
153,09141977ML,101001427401,,2025/02/23 09:25:00 AM,2025/02/23 09:48:07 AM
154,07271995VK,101001427532,,2025/02/23 09:25:00 AM,2025/02/23 09:48:07 AM
155,02181991DJ,101001428915,,2025/02/23 09:25:00 AM,2025/02/23 09:48:07 AM
156,11091971SM,101001430315,,2025/02/23 09:25:00 AM,2025/02/23 09:48:07 AM
157,09211984JF,101001428564,,2025/02/23 09:25:00 AM,2025/02/23 09:48:07 AM
158,09231961CM,101001426921,,2025/02/23 09:25:00 AM,2025/02/23 09:48:07 AM
159,12281953RC,101001433251,,2025/02/23 09:25:00 AM,2025/02/23 09:48:07 AM
160,04261991AR,101001433467,,2025/02/23 09:25:00 AM,2025/02/23 09:48:07 AM
161,10261988EH,101001436010,,2025/02/23 09:25:00 AM,2025/02/23 09:48:07 AM
162,01311987DD,101001432134,,2025/02/23 09:25:00 AM,2025/02/23 09:48:07 AM
163,03101988SS,101001433009,,2025/02/23 09:25:00 AM,2025/02/23 09:48:07 AM
164,03261987AB,101001435801,,2025/02/23 09:25:00 AM,2025/02/23 09:48:07 AM
165,02081967KP,101001434825,,2025/02/23 09:25:00 AM,2025/02/23 09:48:07 AM
166,10311986AS,101001436134,,2025/02/23 09:25:00 AM,2025/02/23 09:48:07 AM
167,11081995TV,101001435751,,2025/02/23 09:25:00 AM,2025/02/23 09:48:07 AM
168,08041991YE,101001431652,,2025/02/23 09:25:00 AM,2025/02/23 09:48:07 AM
169,03311991JD,101001435858,,2025/02/23 09:25:00 AM,2025/02/23 09:48:07 AM
170,03011980JO,101001435787,,2025/02/23 09:25:00 AM,2025/02/23 09:48:07 AM
171,11231950MG,101001431527,,2025/02/23 09:25:00 AM,2025/02/23 09:48:07 AM
172,07131988DR,101001431369,,2025/02/23 09:25:00 AM,2025/02/23 09:48:07 AM
173,03111985ED,101001436118,,2025/02/23 09:25:00 AM,2025/02/23 09:48:07 AM
174,12121978GF,101001433656,,2025/02/23 09:25:00 AM,2025/02/23 09:48:07 AM
175,07241964CS,101001435871,,2025/02/23 09:25:00 AM,2025/02/23 09:48:07 AM
176,04131974LW,101001436034,,2025/02/23 09:25:00 AM,2025/02/23 09:48:07 AM
177,08261959NN,101001433422,,2025/02/23 09:25:00 AM,2025/02/23 09:48:07 AM
178,08011995BP,101001435819,,2025/02/23 09:25:00 AM,2025/02/23 09:48:07 AM
179,05021955GA,101001431944,,2025/02/23 09:25:00 AM,2025/02/23 09:48:07 AM
180,01101971KB,101001434173,,2025/02/23 09:25:00 AM,2025/02/23 09:48:07 AM
181,05121984MW,101001433028,,2025/02/23 09:25:00 AM,2025/02/23 09:48:07 AM
182,08271967CB,101001433254,,2025/02/23 09:25:00 AM,2025/02/23 09:48:07 AM
183,10141990JH,101001436007,,2025/02/23 09:25:00 AM,2025/02/23 09:48:07 AM
184,11171991JM,101001436126,,2025/02/23 09:25:00 AM,2025/02/23 09:48:07 AM
185,04121980SW,101001436090,,2025/02/23 09:25:00 AM,2025/02/23 09:48:07 AM
186,06291964BG,101001434841,,2025/02/23 09:25:00 AM,2025/02/23 09:48:07 AM
187,09251987CB,101001435797,,2025/02/23 09:25:00 AM,2025/02/23 09:48:07 AM
188,07182001OT,101001433412,,2025/02/23 09:25:00 AM,2025/02/23 09:48:07 AM
189,02171995KK,101001434592,,2025/02/23 09:25:00 AM,2025/02/23 09:48:07 AM
190,12021996JR,101001435902,,2025/02/23 09:25:00 AM,2025/02/23 09:48:07 AM
191,12291987AA,101001435884,,2025/02/23 09:25:00 AM,2025/02/23 09:48:07 AM
192,12181991DB,101001435781,,2025/02/23 09:25:00 AM,2025/02/23 09:48:07 AM
193,03091984SA,101001432092,,2025/02/23 09:25:00 AM,2025/02/23 09:48:07 AM
194,01131990TC,101001435904,,2025/02/23 09:25:00 AM,2025/02/23 09:48:07 AM
195,12311986PH,101001437558,,2025/02/23 09:25:00 AM,2025/02/23 09:48:07 AM
196,10302005GG,101001437849,,2025/02/23 09:25:00 AM,2025/02/23 09:48:07 AM
197,09151983SB,101001437706,,2025/02/23 09:25:00 AM,2025/02/23 09:48:07 AM
198,12121990ML,101001438463,,2025/02/23 09:25:00 AM,2025/02/23 09:48:07 AM
199,07071995SS,101001438074,,2025/02/23 09:25:00 AM,2025/02/23 09:48:07 AM
200,06271982PR,101001438116,,2025/02/23 09:25:00 AM,2025/02/23 09:48:07 AM
201,04071981JM,101001438713,,2025/02/23 09:25:00 AM,2025/02/23 09:48:07 AM
202,040579EL,101001440249,,2025/02/23 09:25:00 AM,2025/02/23 09:48:07 AM
203,05271986CH,101001442714,,2025/02/23 09:25:00 AM,2025/02/23 09:48:07 AM
204,04281983WM,101001441073,,2025/02/23 09:25:00 AM,2025/02/23 09:48:07 AM
205,09301989MM,101001442570,,2025/02/23 09:25:00 AM,2025/02/23 09:48:07 AM
206,01121986CL,101001442596,,2025/02/23 09:25:00 AM,2025/02/23 09:48:07 AM
207,01102001JS,101001443424,,2025/02/23 09:25:00 AM,2025/02/23 09:48:07 AM
208,07131955GC,101001440515,,2025/02/23 09:25:00 AM,2025/02/23 09:48:07 AM
209,06151991LA,101001444215,,2025/02/23 09:25:00 AM,2025/02/23 09:48:07 AM
210,05161968MA,101001450242,,2025/02/23 09:25:00 AM,2025/02/23 09:48:07 AM
211,02221996RH,101001450052,,2025/02/23 09:25:00 AM,2025/02/23 09:48:07 AM
212,06191996KW,101001446809,,2025/02/23 09:25:00 AM,2025/02/23 09:48:07 AM
213,03211983JG,101001450161,,2025/02/23 09:25:00 AM,2025/02/23 09:48:07 AM
214,08301960BP,101001445035,,2025/02/23 09:25:00 AM,2025/02/23 09:48:07 AM
215,06222004NF,101001446396,,2025/02/23 09:25:00 AM,2025/02/23 09:48:07 AM
216,11081993TP,101001450153,,2025/02/23 09:25:00 AM,2025/02/23 09:48:07 AM
217,06271963JH,101001448314,,2025/02/23 09:25:00 AM,2025/02/23 09:48:07 AM
218,08251989CC,101001450039,,2025/02/23 09:25:00 AM,2025/02/23 09:48:07 AM
219,01201992MS,101001450175,,2025/02/23 09:25:00 AM,2025/02/23 09:48:07 AM
220,10191983SH,101001450177,,2025/02/23 09:25:00 AM,2025/02/23 09:48:07 AM
221,12181993TJ,101001449967,,2025/02/23 09:25:00 AM,2025/02/23 09:48:07 AM
222,10081986FJ,101001450238,,2025/02/23 09:25:00 AM,2025/02/23 09:48:07 AM
223,09141994DJ,101001448563,,2025/02/23 09:25:00 AM,2025/02/23 09:48:07 AM
224,01131983EB,101001447662,,2025/02/23 09:25:00 AM,2025/02/23 09:48:07 AM
225,10101989FL,101001450000,,2025/02/23 09:25:00 AM,2025/02/23 09:48:07 AM
226,10081987TK,101001444648,,2025/02/23 09:25:00 AM,2025/02/23 09:48:07 AM
227,04151980AF,101001447988,,2025/02/23 09:25:00 AM,2025/02/23 09:48:07 AM
228,06021991MG,101001447126,,2025/02/23 09:25:00 AM,2025/02/23 09:48:07 AM
229,09021988CP,101001447122,,2025/02/23 09:25:00 AM,2025/02/23 09:48:07 AM
230,03271967RG,101001448220,,2025/02/23 09:25:00 AM,2025/02/23 09:48:07 AM
231,08311991SM,101001450165,,2025/02/23 09:25:00 AM,2025/02/23 09:48:07 AM
232,04071987CM,101001450249,,2025/02/23 09:25:00 AM,2025/02/23 09:48:07 AM
233,04121989AM,101001446695,,2025/02/23 09:25:00 AM,2025/02/23 09:48:07 AM
234,10141966TJ,101001447225,,2025/02/23 09:25:00 AM,2025/02/23 09:48:07 AM
235,05211981CK,101001446719,,2025/02/23 09:25:00 AM,2025/02/23 09:48:07 AM
236,06031991KW,101001448594,,2025/02/23 09:25:00 AM,2025/02/23 09:48:07 AM
237,08071968RC,101001448211,,2025/02/23 09:25:00 AM,2025/02/23 09:48:07 AM
238,10181990SH,101001444214,,2025/02/23 09:25:00 AM,2025/02/23 09:48:07 AM
239,12191977BS,101001448760,,2025/02/23 09:25:00 AM,2025/02/23 09:48:07 AM
240,10031991GD,101001455962,,2025/02/23 09:25:00 AM,2025/02/23 09:48:07 AM
241,02261955JK,101001455381,,2025/02/23 09:25:00 AM,2025/02/23 09:48:07 AM
242,01031976BS,101001453033,,2025/02/23 09:25:00 AM,2025/02/23 09:48:07 AM
243,10211992AJ,101001454507,,2025/02/23 09:25:00 AM,2025/02/23 09:48:07 AM
244,05161972JD,101001454718,,2025/02/23 09:25:00 AM,2025/02/23 09:48:07 AM
245,09281991DH,101001455664,,2025/02/23 09:25:00 AM,2025/02/23 09:48:07 AM
246,07231997RR,101001453642,,2025/02/23 09:25:00 AM,2025/02/23 09:48:07 AM
247,09031991JJ,101001454707,,2025/02/23 09:25:00 AM,2025/02/23 09:48:07 AM
248,11241997BH,101001455543,,2025/02/23 09:25:00 AM,2025/02/23 09:48:07 AM
249,05051978JG,101001453727,,2025/02/23 09:25:00 AM,2025/02/23 09:48:07 AM
250,09221972DR,101001452891,,2025/02/23 09:25:00 AM,2025/02/23 09:48:07 AM
251,05071963SS,101001452089,,2025/02/23 09:25:00 AM,2025/02/23 09:48:07 AM
252,04091996KB,101001452853,,2025/02/23 09:25:00 AM,2025/02/23 09:48:07 AM
253,01241992AA,101001455949,,2025/02/23 09:25:00 AM,2025/02/23 09:48:07 AM
254,10251982HH,101001455869,,2025/02/23 09:25:00 AM,2025/02/23 09:48:07 AM
255,10241953RJ,101001453487,,2025/02/23 09:25:00 AM,2025/02/23 09:48:07 AM
256,06111990ML,101001454953,,2025/02/23 09:25:00 AM,2025/02/23 09:48:07 AM
257,05261961SC,101001455064,,2025/02/23 09:25:00 AM,2025/02/23 09:48:07 AM
258,12061948FA,101001454247,,2025/02/23 09:25:00 AM,2025/02/23 09:48:07 AM
259,08161994DG,101001455202,,2025/02/23 09:25:00 AM,2025/02/23 09:48:07 AM
260,09031969AB,101001452502,,2025/02/23 09:25:00 AM,2025/02/23 09:48:07 AM
261,01091981JM,101001453207,,2025/02/23 09:25:00 AM,2025/02/23 09:48:07 AM
262,12181978RD,101001454332,,2025/02/23 09:25:00 AM,2025/02/23 09:48:07 AM
263,10171969MC,101001455139,,2025/02/23 09:25:00 AM,2025/02/23 09:48:07 AM
264,10021985AH,101001455877,,2025/02/23 09:25:00 AM,2025/02/23 09:48:07 AM
265,03191982JG,101001452537,,2025/02/23 09:25:00 AM,2025/02/23 09:48:07 AM
266,05142001PV,101001452621,,2025/02/23 09:25:00 AM,2025/02/23 09:48:07 AM
267,06221957EP,101001453154,,2025/02/23 09:25:00 AM,2025/02/23 09:48:07 AM
268,06271992VB,101001455753,,2025/02/23 09:25:00 AM,2025/02/23 09:48:07 AM
269,01031981NS,101001454678,,2025/02/23 09:25:00 AM,2025/02/23 09:48:07 AM
270,05041976MS,101001451864,,2025/02/23 09:25:00 AM,2025/02/23 09:48:07 AM
271,07161959SM,101001453331,,2025/02/23 09:25:00 AM,2025/02/23 09:48:07 AM
272,02111995RD,101001452872,,2025/02/23 09:25:00 AM,2025/02/23 09:48:07 AM
273,05301987FA,101001458499,,2025/02/23 09:25:00 AM,2025/02/23 09:48:07 AM
274,06141979JV,101001458623,,2025/02/23 09:25:00 AM,2025/02/23 09:48:07 AM
275,02211997DR,101001459351,,2025/02/23 09:25:00 AM,2025/02/23 09:48:07 AM
276,10122000YG,101001461402,,2025/02/23 09:25:00 AM,2025/02/23 09:48:07 AM
277,03011997MG,101001458915,,2025/02/23 09:25:00 AM,2025/02/23 09:48:07 AM
278,02281984FO,101001458250,,2025/02/23 09:25:00 AM,2025/02/23 09:48:07 AM
279,03021965TJ,101001457772,,2025/02/23 09:25:00 AM,2025/02/23 09:48:07 AM
280,11021987AM,101001457083,,2025/02/23 09:25:00 AM,2025/02/23 09:48:07 AM
281,11021975CJ,101001456464,,2025/02/23 09:25:00 AM,2025/02/23 09:48:07 AM
282,01171968AF,101001460990,,2025/02/23 09:25:00 AM,2025/02/23 09:48:07 AM
283,012506281975CC,101001459553,,2025/02/23 09:25:00 AM,2025/02/23 09:48:07 AM
284,06071984EE,101001459065,,2025/02/23 09:25:00 AM,2025/02/23 09:48:07 AM
285,10011992TA,101001457890,,2025/02/23 09:25:00 AM,2025/02/23 09:48:07 AM
286,10271962CM,101001459056,,2025/02/23 09:25:00 AM,2025/02/23 09:48:07 AM
287,06171966SF,101001458735,,2025/02/23 09:25:00 AM,2025/02/23 09:48:07 AM
288,10111978SD,101001457979,,2025/02/23 09:25:00 AM,2025/02/23 09:48:07 AM
289,01271989MM,101001456046,,2025/02/23 09:25:00 AM,2025/02/23 09:48:07 AM
290,01301980MJ,101001456361,,2025/02/23 09:25:00 AM,2025/02/23 09:48:07 AM
291,05181956LD,101001458855,,2025/02/23 09:25:00 AM,2025/02/23 09:48:07 AM
292,09081993MB,101001460327,,2025/02/23 09:25:00 AM,2025/02/23 09:48:07 AM
293,01131982JP,101001464100,,2025/02/23 09:25:00 AM,2025/02/23 09:48:07 AM
294,12161992RC,101001463291,,2025/02/23 09:25:00 AM,2025/02/23 09:48:07 AM
295,09291999AO,101001465920,,2025/02/23 09:25:00 AM,2025/02/23 09:48:07 AM
296,10111951SD,101001464569,,2025/02/23 09:25:00 AM,2025/02/23 09:48:07 AM
297,02231987LW,101001465028,,2025/02/23 09:25:00 AM,2025/02/23 09:48:07 AM
298,09301995CB,101001463261,,2025/02/23 09:25:00 AM,2025/02/23 09:48:07 AM
299,09011980RP,101001464198,,2025/02/23 09:25:00 AM,2025/02/23 09:48:07 AM
300,02261982EF,101001463613,,2025/02/23 09:25:00 AM,2025/02/23 09:48:07 AM
301,02021961JB,101001464031,,2025/02/23 09:25:00 AM,2025/02/23 09:48:07 AM
302,03061977GH,101001465332,,2025/02/23 09:25:00 AM,2025/02/23 09:48:07 AM
303,02011981RD,101001465915,,2025/02/23 09:25:00 AM,2025/02/23 09:48:07 AM
304,08141952LG,101001463078,,2025/02/23 09:25:00 AM,2025/02/23 09:48:07 AM
305,07101990JM,101001462794,,2025/02/23 09:25:00 AM,2025/02/23 09:48:07 AM
306,09141968JD,101001462656,,2025/02/23 09:25:00 AM,2025/02/23 09:48:07 AM
307,11291981MI,101001462992,,2025/02/23 09:25:00 AM,2025/02/23 09:48:07 AM
308,01171951MS,101001464204,,2025/02/23 09:25:00 AM,2025/02/23 09:48:07 AM
309,09011997MG,101001464510,,2025/02/23 09:25:00 AM,2025/02/23 09:48:07 AM
310,08031988AC,101001465140,,2025/02/23 09:25:00 AM,2025/02/23 09:48:07 AM
311,08281985RC,101001462714,,2025/02/23 09:25:00 AM,2025/02/23 09:48:07 AM
312,02081993KJ,101001466038,,2025/02/23 09:25:00 AM,2025/02/23 09:48:07 AM
313,06091961JR,101001463843,,2025/02/23 09:25:00 AM,2025/02/23 09:48:07 AM
314,06051996NM,101001463536,,2025/02/23 09:25:00 AM,2025/02/23 09:48:07 AM
315,12191990CC,101001463793,,2025/02/23 09:25:00 AM,2025/02/23 09:48:07 AM
316,12031999A,101001462213,,2025/02/23 09:25:00 AM,2025/02/23 09:48:07 AM
317,12291995JM,101001465607,,2025/02/23 09:25:00 AM,2025/02/23 09:48:07 AM
318,08181993LR,101001463352,,2025/02/23 09:25:00 AM,2025/02/23 09:48:07 AM
319,09031991PZ,101001461579,,2025/02/23 09:25:00 AM,2025/02/23 09:48:07 AM
320,06181997CP,101001463201,,2025/02/23 09:25:00 AM,2025/02/23 09:48:07 AM
321,01012000AM,101001464463,,2025/02/23 09:25:00 AM,2025/02/23 09:48:07 AM
322,08101993DP,101001463011,,2025/02/23 09:25:00 AM,2025/02/23 09:48:07 AM
323,07051964AF,101001467962,,2025/02/23 09:25:00 AM,2025/02/23 09:48:07 AM
324,09151990IP,101001467365,,2025/02/23 09:25:00 AM,2025/02/23 09:48:07 AM
325,06131989KK,101001471435,,2025/02/23 09:25:00 AM,2025/02/23 09:48:07 AM
326,07011994TP,101001467119,,2025/02/23 09:25:00 AM,2025/02/23 09:48:07 AM
327,12281994TP,101001467406,,2025/02/23 09:25:00 AM,2025/02/23 09:48:07 AM
328,09151983MG,101001467457,,2025/02/23 09:25:00 AM,2025/02/23 09:48:07 AM
329,08091991AA,101001468069,,2025/02/23 09:25:00 AM,2025/02/23 09:48:07 AM
330,05212006KS,101001470169,,2025/02/23 09:25:00 AM,2025/02/23 09:48:07 AM
331,05311953LW,101001469190,,2025/02/23 09:25:00 AM,2025/02/23 09:48:07 AM
332,07031981MH,101001466510,,2025/02/23 09:25:00 AM,2025/02/23 09:48:07 AM
333,05301980AU,101001467656,,2025/02/23 09:25:00 AM,2025/02/23 09:48:07 AM
334,11251977KF,101001471215,,2025/02/23 09:25:00 AM,2025/02/23 09:48:07 AM
335,12241990NH,101001468339,,2025/02/23 09:25:00 AM,2025/02/23 09:48:07 AM
336,03221973JM,101001469395,,2025/02/23 09:25:00 AM,2025/02/23 09:48:07 AM
337,06201988VC,101001469507,,2025/02/23 09:25:00 AM,2025/02/23 09:48:07 AM
338,12192005IF,101001469565,,2025/02/23 09:25:00 AM,2025/02/23 09:48:07 AM
339,10111991JC,101001468528,,2025/02/23 09:25:00 AM,2025/02/23 09:48:07 AM
340,06181959MD,101001471276,,2025/02/23 09:25:00 AM,2025/02/23 09:48:07 AM
341,11221984RB,101001468026,,2025/02/23 09:25:00 AM,2025/02/23 09:48:07 AM
342,11111982MS,101001470658,,2025/02/23 09:25:00 AM,2025/02/23 09:48:07 AM
343,10091974CB,101001469670,,2025/02/23 09:25:00 AM,2025/02/23 09:48:07 AM
344,01122003PS,101001467988,,2025/02/23 09:25:00 AM,2025/02/23 09:48:07 AM
345,07051986VF,101001467957,,2025/02/23 09:25:00 AM,2025/02/23 09:48:07 AM
346,09301967NC,101001467674,,2025/02/23 09:25:00 AM,2025/02/23 09:48:07 AM
347,06171979JG,101001468331,,2025/02/23 09:25:00 AM,2025/02/23 09:48:07 AM
348,11061972JV,101001467795,,2025/02/23 09:25:00 AM,2025/02/23 09:48:07 AM
349,06211964JA,101001470208,,2025/02/23 09:25:00 AM,2025/02/23 09:48:07 AM
350,11051987AK,101001470339,,2025/02/23 09:25:00 AM,2025/02/23 09:48:07 AM
351,12211959MB,101001468004,,2025/02/23 09:25:00 AM,2025/02/23 09:48:07 AM
352,09071983DC,101001467779,,2025/02/23 09:25:00 AM,2025/02/23 09:48:07 AM
353,04161983GD,101001471292,,2025/02/23 09:25:00 AM,2025/02/23 09:48:07 AM
354,07221994GM,101001471421,,2025/02/23 09:25:00 AM,2025/02/23 09:48:07 AM
355,01272001MK,101001472613,,2025/02/23 09:25:00 AM,2025/02/23 09:48:07 AM
356,07201990BM,101001475858,,2025/02/23 09:25:00 AM,2025/02/23 09:48:07 AM
357,10061984JF,101001475664,,2025/02/23 09:25:00 AM,2025/02/23 09:48:07 AM
358,02041985NN,101001473219,,2025/02/23 09:25:00 AM,2025/02/23 09:48:07 AM
359,11041990LF,101001475570,,2025/02/23 09:25:00 AM,2025/02/23 09:48:07 AM
360,10201990NL,101001475871,,2025/02/23 09:25:00 AM,2025/02/23 09:48:07 AM
361,11011987EN,101001474704,,2025/02/23 09:25:00 AM,2025/02/23 09:48:07 AM
362,09041990JB,101001475552,,2025/02/23 09:25:00 AM,2025/02/23 09:48:07 AM
363,05201989DS,101001475514,,2025/02/23 09:25:00 AM,2025/02/23 09:48:07 AM
364,04201991JP,101001475683,,2025/02/23 09:25:00 AM,2025/02/23 09:48:07 AM
365,10171992PL,101001475634,,2025/02/23 09:25:00 AM,2025/02/23 09:48:07 AM
366,11271980JB,101001475740,,2025/02/23 09:25:00 AM,2025/02/23 09:48:07 AM
367,04171984AA,101001473266,,2025/02/23 09:25:00 AM,2025/02/23 09:48:07 AM
368,12181991CC,101001479308,,2025/02/23 09:25:00 AM,2025/02/23 09:48:07 AM
369,03131988CP,101001479394,,2025/02/23 09:25:00 AM,2025/02/23 09:48:07 AM
370,10081986FB,101001479527,,2025/02/23 09:25:00 AM,2025/02/23 09:48:07 AM
371,05071999RB,101001479285,,2025/02/23 09:25:00 AM,2025/02/23 09:48:07 AM
372,09121983AB,101001479534,,2025/02/23 09:25:00 AM,2025/02/23 09:48:07 AM
373,03121976NN,101001479537,,2025/02/23 09:25:00 AM,2025/02/23 09:48:07 AM
374,10081974GD,101001479269,,2025/02/23 09:25:00 AM,2025/02/23 09:48:07 AM
375,03271981AV,101001479353,,2025/02/23 09:25:00 AM,2025/02/23 09:48:07 AM
376,09181996SW,101001479201,,2025/02/23 09:25:00 AM,2025/02/23 09:48:07 AM
377,09022003LM,101001479433,,2025/02/23 09:25:00 AM,2025/02/23 09:48:07 AM
378,10262002GG,101001479343,,2025/02/23 09:25:00 AM,2025/02/23 09:48:07 AM
379,04174171969ER,101001479525,,2025/02/23 09:25:00 AM,2025/02/23 09:48:07 AM
380,01241991RN,101001479384,,2025/02/23 09:25:00 AM,2025/02/23 09:48:07 AM
381,10251994GN,101001479315,,2025/02/23 09:25:00 AM,2025/02/23 09:48:07 AM
382,09241981AA,101001482252,,2025/02/23 09:25:00 AM,2025/02/23 09:48:07 AM
383,10261989AD,101001480837,,2025/02/23 09:25:00 AM,2025/02/23 09:48:07 AM
384,11212001WB,101001480876,,2025/02/23 09:25:00 AM,2025/02/23 09:48:07 AM
385,05311966JS,101001480818,,2025/02/23 09:25:00 AM,2025/02/23 09:48:07 AM
386,05031975SK,101001480907,,2025/02/23 09:25:00 AM,2025/02/23 09:48:07 AM
387,07111951BS,101001481227,,2025/02/23 09:25:00 AM,2025/02/23 09:48:07 AM
388,07021992RK,101001483632,,2025/02/23 09:25:00 AM,2025/02/23 09:48:07 AM
389,05051998JF,101001482674,,2025/02/23 09:25:00 AM,2025/02/23 09:48:07 AM
390,11041963AT,101001480600,,2025/02/23 09:25:00 AM,2025/02/23 09:48:07 AM
391,05241987AC,101001481117,,2025/02/23 09:25:00 AM,2025/02/23 09:48:07 AM
392,12311983MS,101001485352,,2025/02/23 09:25:00 AM,2025/02/23 09:48:07 AM
393,05121993JG,101001490259,,2025/02/23 09:25:00 AM,2025/02/23 09:48:07 AM
394,03021980EM,101001486297,,2025/02/23 09:25:00 AM,2025/02/23 09:48:07 AM
395,06101986JY,101001483922,,2025/02/23 09:25:00 AM,2025/02/23 09:48:07 AM
396,03041978MR,101001484885,,2025/02/23 09:25:00 AM,2025/02/23 09:48:07 AM
397,05051988FP,101001490215,,2025/02/23 09:25:00 AM,2025/02/23 09:48:07 AM
398,06271990BB,101001486383,,2025/02/23 09:25:00 AM,2025/02/23 09:48:07 AM
399,11181946DL,101001487842,,2025/02/23 09:25:00 AM,2025/02/23 09:48:07 AM
400,06091982KH,101001490445,,2025/02/23 09:25:00 AM,2025/02/23 09:48:07 AM
401,06231987DD,101001489534,,2025/02/23 09:25:00 AM,2025/02/23 09:48:07 AM
402,04301977LP,101001483921,,2025/02/23 09:25:00 AM,2025/02/23 09:48:07 AM
403,06191991CS,101001490203,,2025/02/23 09:25:00 AM,2025/02/23 09:48:07 AM
404,03171967HV,101001486836,,2025/02/23 09:25:00 AM,2025/02/23 09:48:07 AM
405,08142001RS,101001490279,,2025/02/23 09:25:00 AM,2025/02/23 09:48:07 AM
406,11292002JB,101001488155,,2025/02/23 09:25:00 AM,2025/02/23 09:48:07 AM
407,02091965MP,101001487117,,2025/02/23 09:25:00 AM,2025/02/23 09:48:07 AM
408,08231992JK,101001486198,,2025/02/23 09:25:00 AM,2025/02/23 09:48:07 AM
409,11191980JC,101001488447,,2025/02/23 09:25:00 AM,2025/02/23 09:48:07 AM
410,01011990GA,101001490248,,2025/02/23 09:25:00 AM,2025/02/23 09:48:07 AM
411,03191979JG,101001488433,,2025/02/23 09:25:00 AM,2025/02/23 09:48:07 AM
412,03081998TG,101001490289,,2025/02/23 09:25:00 AM,2025/02/23 09:48:07 AM
413,11101983LS,101001485211,,2025/02/23 09:25:00 AM,2025/02/23 09:48:07 AM
414,03151980NS,101001490106,,2025/02/23 09:25:00 AM,2025/02/23 09:48:07 AM
415,02111981AG,101001486034,,2025/02/23 09:25:00 AM,2025/02/23 09:48:07 AM
416,05101989T,101001486564,,2025/02/23 09:25:00 AM,2025/02/23 09:48:07 AM
417,06131983TG,101001490288,,2025/02/23 09:25:00 AM,2025/02/23 09:48:07 AM
418,08111979CC,101001486605,,2025/02/23 09:25:00 AM,2025/02/23 09:48:07 AM
419,03241984RM,101001487847,,2025/02/23 09:25:00 AM,2025/02/23 09:48:07 AM
420,09241993AB,101001487918,,2025/02/23 09:25:00 AM,2025/02/23 09:48:07 AM
421,08151989VS,101001488021,,2025/02/23 09:25:00 AM,2025/02/23 09:48:07 AM
422,03211975JM,101001485776,,2025/02/23 09:25:00 AM,2025/02/23 09:48:07 AM
423,03151980N,101001490007,,2025/02/23 09:25:00 AM,2025/02/23 09:48:07 AM
424,09191967DM,101001486014,,2025/02/23 09:25:00 AM,2025/02/23 09:48:07 AM
425,09241986SK,101001487677,,2025/02/23 09:25:00 AM,2025/02/23 09:48:07 AM
426,07071983KH,101001484671,,2025/02/23 09:25:00 AM,2025/02/23 09:48:07 AM
427,09161972LR,101001485697,,2025/02/23 09:25:00 AM,2025/02/23 09:48:07 AM
428,12151959EH,101001489127,,2025/02/23 09:25:00 AM,2025/02/23 09:48:07 AM
429,03081971SA,101001490246,,2025/02/23 09:25:00 AM,2025/02/23 09:48:07 AM
430,09162001EC,101001487490,,2025/02/23 09:25:00 AM,2025/02/23 09:48:07 AM
431,05221962JM,101001488610,,2025/02/23 09:25:00 AM,2025/02/23 09:48:07 AM
432,08101957MM,101001492133,,2025/02/23 09:25:00 AM,2025/02/23 09:48:07 AM
433,03051983NH,101001494177,,2025/02/23 09:25:00 AM,2025/02/23 09:48:07 AM
434,02241966AW,101001492034,,2025/02/23 09:25:00 AM,2025/02/23 09:48:07 AM
435,07101972RM,101001492538,,2025/02/23 09:25:00 AM,2025/02/23 09:48:07 AM
436,03141994EP,101001492061,,2025/02/23 09:25:00 AM,2025/02/23 09:48:07 AM
437,01041984BK,101001494401,,2025/02/23 09:25:00 AM,2025/02/23 09:48:07 AM
438,08092001AE,101001490628,,2025/02/23 09:25:00 AM,2025/02/23 09:48:07 AM
439,02162002MK,101001492661,,2025/02/23 09:25:00 AM,2025/02/23 09:48:07 AM
440,10081985EA,101001494627,,2025/02/23 09:25:00 AM,2025/02/23 09:48:07 AM
441,11211993ES,101001490963,,2025/02/23 09:25:00 AM,2025/02/23 09:48:07 AM
442,02211987RS,101001490592,,2025/02/23 09:25:00 AM,2025/02/23 09:48:07 AM
443,11011989CS,101001491116,,2025/02/23 09:25:00 AM,2025/02/23 09:48:07 AM
444,12041996RT,101001494297,,2025/02/23 09:25:00 AM,2025/02/23 09:48:07 AM
445,04181979DB,101001494600,,2025/02/23 09:25:00 AM,2025/02/23 09:48:07 AM
446,01221982CZ,101001492872,,2025/02/23 09:25:00 AM,2025/02/23 09:48:07 AM
447,10311988MM,101001490591,,2025/02/23 09:25:00 AM,2025/02/23 09:48:07 AM
448,12132004MM,101001494347,,2025/02/23 09:25:00 AM,2025/02/23 09:48:07 AM
449,08311983AA,101001494990,,2025/02/23 09:25:00 AM,2025/02/23 09:48:07 AM
450,11011989FS,101001491093,,2025/02/23 09:25:00 AM,2025/02/23 09:48:07 AM
451,08071987HR,101001490590,,2025/02/23 09:25:00 AM,2025/02/23 09:48:07 AM
452,11141958RA,101001494904,,2025/02/23 09:25:00 AM,2025/02/23 09:48:07 AM
453,04141993AU,101001494842,,2025/02/23 09:25:00 AM,2025/02/23 09:48:07 AM
454,11281996AL,101001494195,,2025/02/23 09:25:00 AM,2025/02/23 09:48:07 AM
455,02011986EP,101001492801,,2025/02/23 09:25:00 AM,2025/02/23 09:48:07 AM
456,04111983WC,101001494862,,2025/02/23 09:25:00 AM,2025/02/23 09:48:07 AM
457,10261994AC,101001493666,,2025/02/23 09:25:00 AM,2025/02/23 09:48:07 AM
458,07191967KM,101001492265,,2025/02/23 09:25:00 AM,2025/02/23 09:48:07 AM
459,10021986FH,101001493729,,2025/02/23 09:25:00 AM,2025/02/23 09:48:07 AM
460,04011982JO,101001491311,,2025/02/23 09:25:00 AM,2025/02/23 09:48:07 AM
461,07172001AC,101001494919,,2025/02/23 09:25:00 AM,2025/02/23 09:48:07 AM
462,09211990CV,101001493564,,2025/02/23 09:25:00 AM,2025/02/23 09:48:07 AM
463,01301983WT,101001492345,,2025/02/23 09:25:00 AM,2025/02/23 09:48:07 AM
464,12261959SE,101001501039,,2025/02/23 09:25:00 AM,2025/02/23 09:48:07 AM
465,11091994DE,101001501102,,2025/02/23 09:25:00 AM,2025/02/23 09:48:07 AM
466,07171970WS,101001497341,,2025/02/23 09:25:00 AM,2025/02/23 09:48:07 AM
467,08241986DH,101001498361,,2025/02/23 09:25:00 AM,2025/02/23 09:48:07 AM
468,04091994OM,101001499818,,2025/02/23 09:25:00 AM,2025/02/23 09:48:07 AM
469,04111969RC,101001498609,,2025/02/23 09:25:00 AM,2025/02/23 09:48:07 AM
470,11231979DG,101001498068,,2025/02/23 09:25:00 AM,2025/02/23 09:48:07 AM
471,07232000PS,101001501410,,2025/02/23 09:25:00 AM,2025/02/23 09:48:07 AM
472,07191987ST,101001498291,,2025/02/23 09:25:00 AM,2025/02/23 09:48:07 AM
473,01031992AW,101001501106,,2025/02/23 09:25:00 AM,2025/02/23 09:48:07 AM
474,04201960FT,101001498339,,2025/02/23 09:25:00 AM,2025/02/23 09:48:07 AM
475,03221979DC,101001497027,,2025/02/23 09:25:00 AM,2025/02/23 09:48:07 AM
476,08091966RH,101001497819,,2025/02/23 09:25:00 AM,2025/02/23 09:48:07 AM
477,08231962AG,101001497324,,2025/02/23 09:25:00 AM,2025/02/23 09:48:07 AM
478,08251971MA,101001499076,,2025/02/23 09:25:00 AM,2025/02/23 09:48:07 AM
479,03301980JG,101001497140,,2025/02/23 09:25:00 AM,2025/02/23 09:48:07 AM
480,11141968RC,101001501027,,2025/02/23 09:25:00 AM,2025/02/23 09:48:07 AM
481,01301992YR,101001498176,,2025/02/23 09:25:00 AM,2025/02/23 09:48:07 AM
482,03141960MF,101001500295,,2025/02/23 09:25:00 AM,2025/02/23 09:48:07 AM
483,07081962JM,101001498669,,2025/02/23 09:25:00 AM,2025/02/23 09:48:07 AM
484,03301973MC,101001499786,,2025/02/23 09:25:00 AM,2025/02/23 09:48:07 AM
485,06261954AP,101001499862,,2025/02/23 09:25:00 AM,2025/02/23 09:48:07 AM
486,05221956CD,101001499717,,2025/02/23 09:25:00 AM,2025/02/23 09:48:07 AM
487,01081961JH,101001497484,,2025/02/23 09:25:00 AM,2025/02/23 09:48:07 AM
488,03021966PP,101001498865,,2025/02/23 09:25:00 AM,2025/02/23 09:48:07 AM
489,08121987GR,101001498292,,2025/02/23 09:25:00 AM,2025/02/23 09:48:07 AM
490,10301983KL,101001501181,,2025/02/23 09:25:00 AM,2025/02/23 09:48:07 AM
491,01041962LS,101001503721,,2025/02/23 09:25:00 AM,2025/02/23 09:48:07 AM
492,04101990JS,101001505128,,2025/02/23 09:25:00 AM,2025/02/23 09:48:07 AM
493,06241969SA,101001506990,,2025/02/23 09:25:00 AM,2025/02/23 09:48:07 AM
494,08221970GM,101001505503,,2025/02/23 09:25:00 AM,2025/02/23 09:48:07 AM
495,04101999CR,101001503100,,2025/02/23 09:25:00 AM,2025/02/23 09:48:07 AM
496,02011986EP,101001504074,,2025/02/23 09:25:00 AM,2025/02/23 09:48:07 AM
497,01291988JB,101001507562,,2025/02/23 09:25:00 AM,2025/02/23 09:48:07 AM
498,10262001SS,101001504833,,2025/02/23 09:25:00 AM,2025/02/23 09:48:07 AM
499,08181988SR,101001503665,,2025/02/23 09:25:00 AM,2025/02/23 09:48:07 AM
500,02271980DH,101001504745,,2025/02/23 09:25:00 AM,2025/02/23 09:48:07 AM
501,02141968EB,101001502981,,2025/02/23 09:25:00 AM,2025/02/23 09:48:07 AM
502,04291998AS,101001502428,,2025/02/23 09:25:00 AM,2025/02/23 09:48:07 AM
503,04101979JS,101001505184,,2025/02/23 09:25:00 AM,2025/02/23 09:48:07 AM
504,01301234567MA,101001503802,,2025/02/23 09:25:00 AM,2025/02/23 09:48:07 AM
505,12281955DD,101001503772,,2025/02/23 09:25:00 AM,2025/02/23 09:48:07 AM
506,05191990JA,101001504657,,2025/02/23 09:25:00 AM,2025/02/23 09:48:07 AM
507,04081987BB,101001505045,,2025/02/23 09:25:00 AM,2025/02/23 09:48:07 AM
508,10281976HA,101001505266,,2025/02/23 09:25:00 AM,2025/02/23 09:48:07 AM
509,03181988KB,101001502414,,2025/02/23 09:25:00 AM,2025/02/23 09:48:07 AM
510,06221984RC,101001503821,,2025/02/23 09:25:00 AM,2025/02/23 09:48:07 AM
511,02141982JM,101001505415,,2025/02/23 09:25:00 AM,2025/02/23 09:48:07 AM
512,08101938SM,101001503444,,2025/02/23 09:25:00 AM,2025/02/23 09:48:07 AM
513,10221976MJ,101001505430,,2025/02/23 09:25:00 AM,2025/02/23 09:48:07 AM
514,06211994FL,101001502450,,2025/02/23 09:25:00 AM,2025/02/23 09:48:07 AM
515,04081982RB,101001505113,,2025/02/23 09:25:00 AM,2025/02/23 09:48:07 AM
516,11231992AH,101001502370,,2025/02/23 09:25:00 AM,2025/02/23 09:48:07 AM
517,04191987MS,101001502347,,2025/02/23 09:25:00 AM,2025/02/23 09:48:07 AM
518,07041989AL,101001503503,,2025/02/23 09:25:00 AM,2025/02/23 09:48:07 AM
519,10151980SR,101001502540,,2025/02/23 09:25:00 AM,2025/02/23 09:48:07 AM
520,05041988DD,101001505307,,2025/02/23 09:25:00 AM,2025/02/23 09:48:07 AM
521,06211996SE,101001502480,,2025/02/23 09:25:00 AM,2025/02/23 09:48:07 AM
522,07221962LB,101001504393,,2025/02/23 09:25:00 AM,2025/02/23 09:48:07 AM
523,08221966GM,101001505125,,2025/02/23 09:25:00 AM,2025/02/23 09:48:07 AM
524,04241993BM,101001503715,,2025/02/23 09:25:00 AM,2025/02/23 09:48:07 AM
525,05021994CA,101001507866,,2025/02/23 09:25:00 AM,2025/02/23 09:48:07 AM
526,06131967SG,101001509246,,2025/02/23 09:25:00 AM,2025/02/23 09:48:07 AM
527,06051986HP,101001507672,,2025/02/23 09:25:00 AM,2025/02/23 09:48:07 AM
528,05281970LH,101001510759,,2025/02/23 09:25:00 AM,2025/02/23 09:48:07 AM
529,05021955DS,101001508838,,2025/02/23 09:25:00 AM,2025/02/23 09:48:07 AM
530,01281991TW,101001511197,,2025/02/23 09:25:00 AM,2025/02/23 09:48:07 AM
531,09222025YP,101001511392,,2025/02/23 09:25:00 AM,2025/02/23 09:48:07 AM
